SUBJECT,VISIT,VISIT_NUM,MEASUREMENT_DATE,SBP,DBP,PULSE,WEIGHT
HTN101-001,Screening,0,2026-01-22,150,96,85,77.7
HTN101-001,Baseline,1,2026-01-23,154,94,81,67.4
HTN101-001,Week 4,2,2026-02-20,154,88,84,72.5
HTN101-001,Week 8,3,2026-03-20,149,91,73,84.9
HTN101-001,Week 12,4,2026-04-17,147,90,89,86.8
HTN101-002,Screening,0,2026-01-20,138,101,80,70.2
HTN101-002,Baseline,1,2026-01-21,134,104,69,70.7
HTN101-002,Week 4,2,2026-02-18,129,102,72,82.1
HTN101-002,Week 8,3,2026-03-18,127,97,85,96.7
HTN101-002,Week 12,4,2026-04-15,133,95,76,89.6
HTN101-003,Screening,0,2026-01-07,162,93,87,92.2
HTN101-003,Baseline,1,2026-01-08,160,93,78,87.7
HTN101-004,Screening,0,2026-01-31,168,86,65,61.4
HTN101-004,Baseline,1,2026-02-01,165,89,78,88
HTN101-004,Week 4,2,2026-03-01,161,83,76,90
HTN101-004,Week 8,3,2026-03-29,153,82,69,93.6
HTN101-004,Week 12,4,2026-04-26,151,82,84,84.4
HTN101-005,Screening,0,2026-01-28,141,98,73,88.5
HTN101-005,Baseline,1,2026-01-29,137,93,76,85.1
HTN101-005,Week 4,2,2026-02-26,138,90,85,61.8
HTN101-005,Week 8,3,2026-03-26,139,90,78,64.7
HTN101-005,Week 12,4,2026-04-23,134,90,68,81.3
HTN101-006,Screening,0,2026-01-06,150,105,78,92
HTN101-006,Baseline,1,2026-01-07,153,106,79,92.2
HTN101-006,Week 4,2,2026-02-04,143,108,72,60.4
HTN101-006,Week 8,3,2026-03-04,138,103,75,63.6
HTN101-006,Week 12,4,2026-04-01,138,103,78,73.2
HTN101-007,Screening,0,2026-01-16,164,96,66,64.4
HTN101-007,Baseline,1,2026-01-17,159,97,70,88.2
HTN101-007,Week 4,2,2026-02-14,154,97,79,93.3
HTN101-007,Week 8,3,2026-03-14,158,93,73,79.9
HTN101-007,Week 12,4,2026-04-11,150,92,77,104.2
HTN101-008,Screening,0,2026-01-31,170,97,80,65
HTN101-008,Baseline,1,2026-02-01,166,97,77,94
HTN101-008,Week 4,2,2026-03-01,NA,102,71,65
HTN101-008,Week 8,3,2026-03-29,162,95,77,85.9
HTN101-008,Week 12,4,2026-04-26,155,87,77,71.3
HTN101-009,Screening,0,2026-01-05,155,94,73,98.2
HTN101-009,Baseline,1,2026-01-06,156,98,81,67.7
HTN101-009,Week 4,2,2026-02-03,147,90,62,70.3
HTN101-009,Week 8,3,2026-03-03,143,94,73,85.6
HTN101-009,Week 12,4,2026-03-31,139,92,79,78.4
HTN101-010,Screening,0,2026-01-05,159,86,78,70.3
HTN101-010,Baseline,1,2026-01-06,155,83,80,88.9
HTN101-010,Week 4,2,2026-02-03,149,85,70,111.1
HTN101-011,Screening,0,2026-01-19,158,97,71,60.3
HTN101-011,Baseline,1,2026-01-20,157,99,86,86.8
HTN101-011,Week 4,2,2026-02-17,151,92,65,87.9
HTN101-012,Screening,0,2026-01-26,159,98,72,92.9
HTN101-012,Baseline,1,2026-01-27,152,96,74,70.4
HTN101-012,Week 4,2,2026-02-24,152,97,75,76.3
HTN101-012,Week 8,3,2026-03-24,152,94,68,79.3
HTN101-012,Week 12,4,2026-04-21,141,94,82,91.6
HTN101-013,Screening,0,2026-01-30,161,94,86,72.4
HTN101-013,Baseline,1,2026-01-31,161,90,60,76.7
HTN101-013,Week 4,2,2026-02-28,154,84,81,93.9
HTN101-013,Week 8,3,2026-03-28,149,85,75,63.5
HTN101-013,Week 12,4,2026-04-25,154,81,78,85.2
HTN101-014,Screening,0,2026-01-15,148,81,84,87.9
HTN101-014,Baseline,1,2026-01-16,152,82,86,78.7
HTN101-014,Week 4,2,2026-02-13,NA,81,76,94
HTN101-014,Week 8,3,2026-03-13,144,79,73,70.2
HTN101-014,Week 12,4,2026-04-10,139,80,76,69.8
HTN101-015,Screening,0,2026-01-22,167,103,75,111
HTN101-015,Baseline,1,2026-01-23,163,101,73,74.1
HTN101-015,Week 4,2,2026-02-20,161,101,84,108.3
HTN101-015,Week 8,3,2026-03-20,165,94,74,94.2
HTN101-015,Week 12,4,2026-04-17,150,90,76,76.9
HTN101-016,Screening,0,2026-01-30,148,89,78,84.5
HTN101-016,Baseline,1,2026-01-31,151,94,75,86.5
HTN101-016,Week 4,2,2026-02-28,147,92,74,97.7
HTN101-016,Week 8,3,2026-03-28,141,88,84,94.9
HTN101-016,Week 12,4,2026-04-25,138,80,71,83.3
HTN101-017,Screening,0,2026-01-07,152,82,76,101.7
HTN101-017,Baseline,1,2026-01-08,150,78,75,73.8
HTN101-017,Week 4,2,2026-02-05,142,76,71,74
HTN101-017,Week 8,3,2026-03-05,148,74,78,94.3
HTN101-017,Week 12,4,2026-04-02,136,73,75,72.5
HTN101-018,Screening,0,2026-02-03,145,89,75,69.9
HTN101-018,Baseline,1,2026-02-04,138,91,62,85.2
HTN101-018,Week 4,2,2026-03-04,141,90,77,76.4
HTN101-018,Week 8,3,2026-04-01,136,88,75,77.1
HTN101-019,Screening,0,2026-02-03,149,92,71,88.2
HTN101-019,Baseline,1,2026-02-04,148,93,80,91.4
HTN101-019,Week 4,2,2026-03-04,138,93,74,77.6
HTN101-020,Screening,0,2026-01-26,144,82,80,93.7
HTN101-020,Baseline,1,2026-01-27,145,82,67,93.5
HTN101-020,Week 4,2,2026-02-24,137,85,62,75
HTN101-020,Week 8,3,2026-03-24,144,75,75,76.9
HTN101-020,Week 12,4,2026-04-21,148,78,79,70.8
HTN101-021,Screening,0,2026-01-15,163,98,74,75.8
HTN101-021,Baseline,1,2026-01-16,156,95,67,94.5
HTN101-021,Week 4,2,2026-02-13,147,90,71,52.9
HTN101-021,Week 8,3,2026-03-13,147,95,82,83.9
HTN101-021,Week 12,4,2026-04-10,148,90,87,89.7
HTN101-022,Screening,0,2026-01-05,162,104,79,97
HTN101-022,Baseline,1,2026-01-06,160,102,79,70.5
HTN101-022,Week 4,2,2026-02-03,164,104,68,84.5
HTN101-022,Week 8,3,2026-03-03,159,96,70,64.8
HTN101-022,Week 12,4,2026-03-31,154,93,85,78.1
HTN101-023,Screening,0,2026-01-27,163,97,88,82.6
HTN101-023,Baseline,1,2026-01-28,162,97,79,78.7
HTN101-023,Week 4,2,2026-02-25,158,91,72,84.2
HTN101-023,Week 8,3,2026-03-25,155,90,72,69.3
HTN101-023,Week 12,4,2026-04-22,151,94,74,92.8
HTN101-024,Screening,0,2026-01-19,157,106,72,69.3
HTN101-024,Baseline,1,2026-01-20,146,106,75,82.3
HTN101-024,Week 4,2,2026-02-17,151,97,81,94.8
HTN101-024,Week 8,3,2026-03-17,143,102,74,83.4
HTN101-024,Week 12,4,2026-04-14,133,98,79,90.1
HTN101-025,Screening,0,2026-02-04,155,97,74,75.5
HTN101-025,Baseline,1,2026-02-05,NA,95,76,86.1
HTN101-025,Week 4,2,2026-03-05,144,93,80,71.5
HTN101-025,Week 8,3,2026-04-02,147,90,61,77.2
HTN101-025,Week 12,4,2026-04-30,152,85,81,53.3
HTN101-026,Screening,0,2026-02-04,161,100,66,72.4
HTN101-026,Baseline,1,2026-02-05,161,99,86,81.7
HTN101-026,Week 4,2,2026-03-05,155,100,74,97.3
HTN101-026,Week 8,3,2026-04-02,154,92,72,95.7
HTN101-026,Week 12,4,2026-04-30,149,92,82,76.9
HTN101-027,Screening,0,2026-01-18,144,97,79,79.8
HTN101-027,Baseline,1,2026-01-19,142,95,79,94.1
HTN101-027,Week 4,2,2026-02-16,133,89,80,126.2
HTN101-027,Week 8,3,2026-03-16,137,93,77,83.7
HTN101-027,Week 12,4,2026-04-13,NA,91,76,75.4
HTN101-028,Screening,0,2026-02-02,150,87,69,71.2
HTN101-028,Baseline,1,2026-02-03,146,92,75,62.4
HTN101-028,Week 4,2,2026-03-03,143,88,76,71
HTN101-028,Week 8,3,2026-03-31,NA,88,79,82.6
HTN101-028,Week 12,4,2026-04-28,NA,80,75,102.8
HTN101-029,Screening,0,2026-01-21,146,86,78,81.9
HTN101-029,Baseline,1,2026-01-22,152,88,71,80.8
HTN101-029,Week 4,2,2026-02-19,154,82,84,89.9
HTN101-029,Week 8,3,2026-03-19,NA,86,81,83.7
HTN101-029,Week 12,4,2026-04-16,146,81,70,67.9
HTN101-030,Screening,0,2026-01-06,155,90,71,81.2
HTN101-030,Baseline,1,2026-01-07,153,89,77,71.5
HTN101-030,Week 4,2,2026-02-04,152,94,79,68.8
HTN101-030,Week 8,3,2026-03-04,148,86,63,73
HTN101-030,Week 12,4,2026-04-01,139,88,89,89.8
HTN101-031,Screening,0,2026-01-23,154,106,80,81.1
HTN101-031,Baseline,1,2026-01-24,153,104,76,93.6
HTN101-031,Week 4,2,2026-02-21,142,106,75,93.6
HTN101-031,Week 8,3,2026-03-21,143,NA,81,98.1
HTN101-031,Week 12,4,2026-04-18,145,102,77,100.2
HTN101-032,Screening,0,2026-01-21,155,101,61,63.1
HTN101-032,Baseline,1,2026-01-22,161,NA,77,83.3
HTN101-032,Week 4,2,2026-02-19,154,93,70,99.2
HTN101-032,Week 8,3,2026-03-19,157,93,76,78.6
HTN101-032,Week 12,4,2026-04-16,159,NA,79,92
HTN101-033,Screening,0,2026-01-23,153,107,81,67.8
HTN101-033,Baseline,1,2026-01-24,155,101,89,79.3
HTN101-033,Week 4,2,2026-02-21,144,102,74,83.7
HTN101-033,Week 8,3,2026-03-21,152,107,73,88.3
HTN101-033,Week 12,4,2026-04-18,148,98,77,92.3
HTN101-034,Screening,0,2026-01-19,151,96,80,67.4
HTN101-034,Baseline,1,2026-01-20,151,93,79,67.2
HTN101-034,Week 4,2,2026-02-17,155,97,76,72.2
HTN101-034,Week 8,3,2026-03-17,143,90,76,53.8
HTN101-034,Week 12,4,2026-04-14,141,90,73,82.5
HTN101-035,Screening,0,2026-01-10,138,96,76,88.2
HTN101-035,Baseline,1,2026-01-11,151,95,76,87.2
HTN101-035,Week 4,2,2026-02-08,146,95,76,112.2
HTN101-035,Week 8,3,2026-03-08,137,100,77,72.2
HTN101-035,Week 12,4,2026-04-05,134,89,62,66.1
HTN101-036,Screening,0,2026-01-09,155,88,64,75.9
HTN101-036,Baseline,1,2026-01-10,155,85,89,73.7
HTN101-036,Week 4,2,2026-02-07,146,84,75,97.6
HTN101-036,Week 8,3,2026-03-07,141,83,75,120.5
HTN101-036,Week 12,4,2026-04-04,135,84,74,112.1
HTN101-037,Screening,0,2026-01-26,170,96,85,71.9
HTN101-037,Baseline,1,2026-01-27,163,95,72,75.5
HTN101-037,Week 4,2,2026-02-24,161,88,78,62.8
HTN101-037,Week 8,3,2026-03-24,157,83,79,72.7
HTN101-037,Week 12,4,2026-04-21,159,87,74,61.2
HTN101-038,Screening,0,2026-01-08,152,93,72,53.3
HTN101-038,Baseline,1,2026-01-09,141,96,62,84.4
HTN101-039,Screening,0,2026-01-17,159,92,80,84.6
HTN101-039,Baseline,1,2026-01-18,157,95,85,76.1
HTN101-039,Week 4,2,2026-02-15,157,91,78,83.9
HTN101-039,Week 8,3,2026-03-15,148,94,73,90.5
HTN101-039,Week 12,4,2026-04-12,147,84,77,82.6
HTN101-040,Screening,0,2026-01-26,148,108,72,86.8
HTN101-040,Baseline,1,2026-01-27,152,105,81,64.2
HTN101-040,Week 4,2,2026-02-24,146,102,79,75.9
HTN101-040,Week 8,3,2026-03-24,135,98,67,101
HTN101-040,Week 12,4,2026-04-21,137,96,83,73.4
HTN101-041,Screening,0,2026-01-05,NA,83,79,81.5
HTN101-041,Baseline,1,2026-01-06,190,83,79,65.7
HTN101-041,Week 4,2,2026-02-03,186,85,70,77.6
HTN101-042,Screening,0,2026-01-30,155,98,59,75.2
HTN101-042,Baseline,1,2026-01-31,154,93,76,76.7
HTN101-042,Week 4,2,2026-02-28,155,NA,80,57.5
HTN101-042,Week 8,3,2026-03-28,148,90,75,75.2
HTN101-042,Week 12,4,2026-04-25,143,89,82,80.9
HTN101-043,Screening,0,2026-01-19,137,93,76,97.7
HTN101-043,Baseline,1,2026-01-20,140,92,72,88.3
HTN101-043,Week 4,2,2026-02-17,133,87,67,74.9
HTN101-043,Week 8,3,2026-03-17,126,94,78,89
HTN101-043,Week 12,4,2026-04-14,119,85,75,76.6
HTN101-044,Screening,0,2026-01-14,166,104,77,74.8
HTN101-044,Baseline,1,2026-01-15,162,106,76,88.6
HTN101-044,Week 4,2,2026-02-12,158,105,67,79.9
HTN101-044,Week 8,3,2026-03-12,149,102,72,67.7
HTN101-044,Week 12,4,2026-04-09,155,103,74,97.7
HTN101-045,Screening,0,2026-01-31,157,97,70,77.3
HTN101-045,Baseline,1,2026-02-01,160,98,86,84.1
HTN101-045,Week 4,2,2026-03-01,148,92,74,69.5
HTN101-045,Week 8,3,2026-03-29,147,98,78,78
HTN101-045,Week 12,4,2026-04-26,140,91,71,76.6
HTN101-046,Screening,0,2026-01-30,163,85,72,78.7
HTN101-046,Baseline,1,2026-01-31,160,81,82,80.8
HTN101-046,Week 4,2,2026-02-28,160,78,82,77.1
HTN101-046,Week 8,3,2026-03-28,151,76,80,74
HTN101-046,Week 12,4,2026-04-25,150,82,80,67.1
HTN101-047,Screening,0,2026-01-26,156,83,78,95.1
HTN101-047,Baseline,1,2026-01-27,159,85,72,96
HTN101-047,Week 4,2,2026-02-24,152,NA,83,82.4
HTN101-047,Week 8,3,2026-03-24,149,83,75,96.5
HTN101-047,Week 12,4,2026-04-21,139,83,79,74.2
HTN101-048,Screening,0,2026-01-17,147,87,93,92.5
HTN101-048,Baseline,1,2026-01-18,143,85,70,75.3
HTN101-048,Week 4,2,2026-02-15,140,79,70,94.5
HTN101-048,Week 8,3,2026-03-15,132,82,77,84.7
HTN101-048,Week 12,4,2026-04-12,139,81,84,91.8
HTN101-049,Screening,0,2026-01-13,153,98,74,75.5
HTN101-049,Baseline,1,2026-01-14,158,99,73,104.5
HTN101-049,Week 4,2,2026-02-11,146,99,75,66
HTN101-049,Week 8,3,2026-03-11,140,92,77,77.7
HTN101-049,Week 12,4,2026-04-08,136,95,81,85.4
HTN101-050,Screening,0,2026-01-06,164,116,73,78.1
HTN101-050,Baseline,1,2026-01-07,161,117,71,100.6
HTN101-050,Week 4,2,2026-02-04,159,117,75,81.4
HTN101-050,Week 8,3,2026-03-04,164,113,79,88.9
HTN101-050,Week 12,4,2026-04-01,148,112,75,110.5
HTN101-051,Screening,0,2026-01-19,164,90,73,81.5
HTN101-051,Baseline,1,2026-01-20,169,88,69,79.1
HTN101-051,Week 4,2,2026-02-17,155,85,73,95.5
HTN101-051,Week 8,3,2026-03-17,NA,89,81,79.7
HTN101-051,Week 12,4,2026-04-14,163,77,91,98.6
HTN101-052,Screening,0,2026-02-03,152,90,73,79.4
HTN101-052,Baseline,1,2026-02-04,147,95,84,94.3
HTN101-052,Week 4,2,2026-03-04,142,92,71,102.7
HTN101-052,Week 8,3,2026-04-01,NA,83,68,82
HTN101-052,Week 12,4,2026-04-29,141,86,75,82
HTN101-053,Screening,0,2026-01-05,166,92,81,70.1
HTN101-053,Baseline,1,2026-01-06,153,91,68,77.5
HTN101-053,Week 4,2,2026-02-03,157,85,88,68.7
HTN101-053,Week 8,3,2026-03-03,152,89,78,81.8
HTN101-053,Week 12,4,2026-03-31,158,80,76,53.1
HTN101-054,Screening,0,2026-01-19,165,95,86,71.3
HTN101-054,Baseline,1,2026-01-20,164,95,77,74.2
HTN101-054,Week 4,2,2026-02-17,163,94,74,88.7
HTN101-054,Week 8,3,2026-03-17,165,92,72,69.9
HTN101-054,Week 12,4,2026-04-14,155,91,78,88.1
HTN101-055,Screening,0,2026-01-13,147,84,72,92.2
HTN101-055,Baseline,1,2026-01-14,152,83,75,85
HTN101-055,Week 4,2,2026-02-11,151,82,73,74.5
HTN101-055,Week 8,3,2026-03-11,144,80,78,91.9
HTN101-055,Week 12,4,2026-04-08,146,74,72,89.4
HTN101-056,Screening,0,2026-01-09,147,86,68,69.2
HTN101-056,Baseline,1,2026-01-10,NA,87,79,84.4
HTN101-056,Week 4,2,2026-02-07,149,NA,79,79.9
HTN101-056,Week 8,3,2026-03-07,143,80,73,74
HTN101-056,Week 12,4,2026-04-04,140,83,75,72.1
HTN101-057,Screening,0,2026-01-30,155,107,77,88.7
HTN101-057,Baseline,1,2026-01-31,153,104,74,74.1
HTN101-057,Week 4,2,2026-02-28,149,105,73,86.1
HTN101-057,Week 8,3,2026-03-28,149,102,83,106.7
HTN101-057,Week 12,4,2026-04-25,147,101,75,90.2
HTN101-058,Screening,0,2026-01-20,174,101,75,68.1
HTN101-058,Baseline,1,2026-01-21,174,99,79,69.8
HTN101-058,Week 4,2,2026-02-18,178,100,70,70.2
HTN101-059,Screening,0,2026-01-31,157,104,78,94.5
HTN101-059,Baseline,1,2026-02-01,157,105,86,75.5
HTN101-059,Week 4,2,2026-03-01,148,98,80,54.2
HTN101-059,Week 8,3,2026-03-29,151,NA,71,77.4
HTN101-059,Week 12,4,2026-04-26,138,92,74,63.9
HTN101-060,Screening,0,2026-01-18,159,92,79,72.4
HTN101-060,Baseline,1,2026-01-19,152,92,75,110.5
HTN101-060,Week 4,2,2026-02-16,154,87,71,82.9
HTN101-060,Week 8,3,2026-03-16,149,91,75,90.1
HTN101-060,Week 12,4,2026-04-13,140,89,78,55.2
HTN101-061,Screening,0,2026-01-20,148,91,84,73.9
HTN101-061,Baseline,1,2026-01-21,154,85,69,79.3
HTN101-061,Week 4,2,2026-02-18,142,87,87,81.8
HTN101-061,Week 8,3,2026-03-18,135,83,75,94.4
HTN101-061,Week 12,4,2026-04-15,145,83,83,81.8
HTN101-062,Screening,0,2026-01-28,155,97,76,80.6
HTN101-062,Baseline,1,2026-01-29,161,99,71,107.1
HTN101-062,Week 4,2,2026-02-26,149,NA,85,102.9
HTN101-062,Week 8,3,2026-03-26,153,96,62,62.1
HTN101-062,Week 12,4,2026-04-23,151,96,88,84.4
HTN101-063,Screening,0,2026-01-13,167,105,72,63.2
HTN101-063,Baseline,1,2026-01-14,164,103,70,54.3
HTN101-063,Week 4,2,2026-02-11,159,98,81,91
HTN101-063,Week 8,3,2026-03-11,160,95,84,93.9
HTN101-063,Week 12,4,2026-04-08,151,100,81,97.1
HTN101-064,Screening,0,2026-02-01,161,101,81,80.7
HTN101-064,Baseline,1,2026-02-02,161,99,87,92.6
HTN101-064,Week 4,2,2026-03-02,153,97,75,101.1
HTN101-064,Week 8,3,2026-03-30,153,100,66,89
HTN101-064,Week 12,4,2026-04-27,152,93,83,83.5
HTN101-065,Screening,0,2026-01-08,163,113,86,81.9
HTN101-065,Baseline,1,2026-01-09,168,109,89,90.8
HTN101-065,Week 4,2,2026-02-06,160,111,77,86.7
HTN101-065,Week 8,3,2026-03-06,152,107,72,102.3
HTN101-065,Week 12,4,2026-04-03,150,113,82,69.2
HTN101-066,Screening,0,2026-01-21,155,93,78,88.3
HTN101-066,Baseline,1,2026-01-22,153,93,73,73.2
HTN101-066,Week 4,2,2026-02-19,150,93,73,82.9
HTN101-066,Week 8,3,2026-03-19,144,85,73,88.7
HTN101-066,Week 12,4,2026-04-16,141,92,81,67.3
HTN101-067,Screening,0,2026-01-18,154,92,72,84.8
HTN101-067,Baseline,1,2026-01-19,153,91,77,106.2
HTN101-067,Week 4,2,2026-02-16,155,89,86,103.5
HTN101-067,Week 8,3,2026-03-16,148,89,81,54.5
HTN101-067,Week 12,4,2026-04-13,145,87,86,86.4
HTN101-068,Screening,0,2026-02-02,147,79,79,81.5
HTN101-068,Baseline,1,2026-02-03,150,81,74,89.8
HTN101-068,Week 4,2,2026-03-03,144,73,79,89
HTN101-068,Week 8,3,2026-03-31,149,69,73,66.6
HTN101-068,Week 12,4,2026-04-28,150,69,76,82.1
HTN101-069,Screening,0,2026-01-10,157,100,69,84.1
HTN101-069,Baseline,1,2026-01-11,158,103,88,70.7
HTN101-069,Week 4,2,2026-02-08,150,98,71,87.9
HTN101-069,Week 8,3,2026-03-08,NA,93,81,87.2
HTN101-069,Week 12,4,2026-04-05,145,96,82,56.2
HTN101-070,Screening,0,2026-01-06,169,82,72,83.3
HTN101-070,Baseline,1,2026-01-07,169,83,82,88.7
HTN101-070,Week 4,2,2026-02-04,173,79,70,69.3
HTN101-070,Week 8,3,2026-03-04,161,74,84,86
HTN101-070,Week 12,4,2026-04-01,152,80,84,75.4
HTN101-071,Screening,0,2026-01-29,152,100,77,78.2
HTN101-071,Baseline,1,2026-01-30,154,98,77,90.3
HTN101-071,Week 4,2,2026-02-27,149,95,84,68.5
HTN101-071,Week 8,3,2026-03-27,146,90,63,95.2
HTN101-071,Week 12,4,2026-04-24,143,90,73,66.5
HTN101-072,Screening,0,2026-02-04,165,97,66,84.5
HTN101-072,Baseline,1,2026-02-05,169,93,65,71.3
HTN101-072,Week 4,2,2026-03-05,166,95,81,99.8
HTN101-072,Week 8,3,2026-04-02,162,91,86,84
HTN101-072,Week 12,4,2026-04-30,161,84,69,96.7
HTN101-073,Screening,0,2026-01-09,156,109,73,55.9
HTN101-073,Baseline,1,2026-01-10,152,108,63,80.2
HTN101-073,Week 4,2,2026-02-07,158,106,82,114
HTN101-073,Week 8,3,2026-03-07,143,105,83,72.2
HTN101-073,Week 12,4,2026-04-04,146,102,81,63.1
HTN101-074,Screening,0,2026-01-27,155,91,75,103.4
HTN101-074,Baseline,1,2026-01-28,162,89,68,87.8
HTN101-074,Week 4,2,2026-02-25,165,83,69,74.5
HTN101-074,Week 8,3,2026-03-25,160,89,83,72.8
HTN101-074,Week 12,4,2026-04-22,150,91,77,86.9
HTN101-075,Screening,0,2026-02-04,153,110,72,92.5
HTN101-075,Baseline,1,2026-02-05,150,105,75,74.1
HTN101-075,Week 4,2,2026-03-05,142,107,84,82.2
HTN101-075,Week 8,3,2026-04-02,142,94,89,63.3
HTN101-075,Week 12,4,2026-04-30,136,99,80,83.6
HTN101-076,Screening,0,2026-01-05,155,97,76,72.1
HTN101-076,Baseline,1,2026-01-06,158,96,79,63.9
HTN101-076,Week 4,2,2026-02-03,158,97,56,78.5
HTN101-076,Week 8,3,2026-03-03,147,98,75,71.8
HTN101-076,Week 12,4,2026-03-31,148,88,73,75.8
HTN101-077,Screening,0,2026-01-30,139,102,82,78.8
HTN101-077,Baseline,1,2026-01-31,NA,101,83,65.5
HTN101-077,Week 4,2,2026-02-28,142,100,68,87.4
HTN101-077,Week 8,3,2026-03-28,134,101,79,71.4
HTN101-077,Week 12,4,2026-04-25,124,91,87,70.7
HTN101-078,Screening,0,2026-02-01,162,97,71,60.8
HTN101-078,Baseline,1,2026-02-02,160,99,78,98.6
HTN101-078,Week 4,2,2026-03-02,161,93,75,76.1
HTN101-078,Week 8,3,2026-03-30,153,90,88,85.2
HTN101-078,Week 12,4,2026-04-27,151,90,83,74.8
HTN101-079,Screening,0,2026-01-30,144,117,72,84.1
HTN101-079,Baseline,1,2026-01-31,147,111,72,97.3
HTN101-079,Week 4,2,2026-02-28,150,114,83,89.2
HTN101-079,Week 8,3,2026-03-28,140,113,93,86
HTN101-079,Week 12,4,2026-04-25,137,111,77,72.3
HTN101-080,Screening,0,2026-01-13,171,96,76,53.6
HTN101-080,Baseline,1,2026-01-14,171,98,85,65.6
HTN101-080,Week 4,2,2026-02-11,169,96,65,67
HTN101-080,Week 8,3,2026-03-11,162,100,79,67.4
HTN101-080,Week 12,4,2026-04-08,150,88,80,91
HTN101-081,Screening,0,2026-01-08,178,85,66,100
HTN101-081,Baseline,1,2026-01-09,171,83,78,90
HTN101-081,Week 4,2,2026-02-06,170,86,71,79
HTN101-081,Week 8,3,2026-03-06,170,81,78,89.9
HTN101-081,Week 12,4,2026-04-03,165,77,80,82.2
HTN101-082,Screening,0,2026-01-08,154,99,74,83.1
HTN101-082,Baseline,1,2026-01-09,155,98,62,75.9
HTN101-082,Week 4,2,2026-02-06,151,92,82,86.1
HTN101-082,Week 8,3,2026-03-06,146,93,85,77.2
HTN101-082,Week 12,4,2026-04-03,145,92,74,92.2
HTN101-083,Screening,0,2026-01-12,150,93,80,82.7
HTN101-083,Baseline,1,2026-01-13,147,92,68,83.8
HTN101-083,Week 4,2,2026-02-10,149,93,75,79.2
HTN101-083,Week 8,3,2026-03-10,144,83,86,84.3
HTN101-083,Week 12,4,2026-04-07,142,89,77,93.2
HTN101-084,Screening,0,2026-01-06,143,107,73,65.5
HTN101-084,Baseline,1,2026-01-07,143,114,78,105
HTN101-084,Week 4,2,2026-02-04,143,101,75,89.5
HTN101-084,Week 8,3,2026-03-04,138,99,67,77
HTN101-084,Week 12,4,2026-04-01,132,104,64,95.2
HTN101-085,Screening,0,2026-01-24,178,97,81,86.4
HTN101-085,Baseline,1,2026-01-25,173,93,82,95.5
HTN101-085,Week 4,2,2026-02-22,161,95,75,76
HTN101-085,Week 8,3,2026-03-22,168,91,82,98.2
HTN101-085,Week 12,4,2026-04-19,164,87,65,83.3
HTN101-086,Screening,0,2026-01-07,143,89,68,77.8
HTN101-086,Baseline,1,2026-01-08,141,89,91,103.5
HTN101-086,Week 4,2,2026-02-05,134,82,74,87.5
HTN101-086,Week 8,3,2026-03-05,133,83,83,63.9
HTN101-086,Week 12,4,2026-04-02,125,85,76,111.9
HTN101-087,Screening,0,2026-02-03,152,95,77,96.7
HTN101-087,Baseline,1,2026-02-04,141,93,73,76.8
HTN101-087,Week 4,2,2026-03-04,141,94,77,103.7
HTN101-087,Week 8,3,2026-04-01,136,94,74,80.2
HTN101-087,Week 12,4,2026-04-29,123,92,72,82.6
HTN101-088,Screening,0,2026-01-06,152,94,84,96.3
HTN101-088,Baseline,1,2026-01-07,161,93,90,74.8
HTN101-088,Week 4,2,2026-02-04,153,NA,76,71.1
HTN101-088,Week 8,3,2026-03-04,154,94,64,71.8
HTN101-088,Week 12,4,2026-04-01,149,83,75,85.7
HTN101-089,Screening,0,2026-02-04,152,105,74,101.8
HTN101-089,Baseline,1,2026-02-05,153,112,71,86.8
HTN101-089,Week 4,2,2026-03-05,146,106,78,88.7
HTN101-089,Week 8,3,2026-04-02,143,98,72,77.5
HTN101-089,Week 12,4,2026-04-30,148,102,69,68.4
HTN101-090,Screening,0,2026-01-26,138,98,77,101
HTN101-090,Baseline,1,2026-01-27,140,97,72,73.5
HTN101-090,Week 4,2,2026-02-24,136,94,78,84.2
HTN101-090,Week 8,3,2026-03-24,139,97,82,83.5
HTN101-090,Week 12,4,2026-04-21,131,92,75,84.1
HTN101-091,Screening,0,2026-01-09,145,99,77,77.1
HTN101-091,Baseline,1,2026-01-10,142,94,74,96.4
HTN101-091,Week 4,2,2026-02-07,142,95,71,84.1
HTN101-091,Week 8,3,2026-03-07,141,92,82,82.2
HTN101-091,Week 12,4,2026-04-04,134,94,71,78.3
HTN101-092,Screening,0,2026-01-24,136,92,66,82.4
HTN101-092,Baseline,1,2026-01-25,132,92,73,85.4
HTN101-092,Week 4,2,2026-02-22,129,90,69,71
HTN101-092,Week 8,3,2026-03-22,136,85,76,72.4
HTN101-092,Week 12,4,2026-04-19,118,86,87,67.4
HTN101-093,Screening,0,2026-01-11,170,95,67,79.6
HTN101-093,Baseline,1,2026-01-12,160,98,71,78.5
HTN101-093,Week 4,2,2026-02-09,164,97,87,105.4
HTN101-093,Week 8,3,2026-03-09,158,93,81,89.5
HTN101-093,Week 12,4,2026-04-06,147,89,75,94.4
HTN101-094,Screening,0,2026-01-30,148,98,79,91.7
HTN101-094,Baseline,1,2026-01-31,150,96,65,80.4
HTN101-094,Week 4,2,2026-02-28,146,92,82,76.6
HTN101-094,Week 8,3,2026-03-28,143,88,65,59.1
HTN101-094,Week 12,4,2026-04-25,142,85,83,97.4
HTN101-095,Screening,0,2026-02-03,146,92,81,78.8
HTN101-095,Baseline,1,2026-02-04,142,87,76,101.1
HTN101-095,Week 4,2,2026-03-04,143,84,79,104.1
HTN101-095,Week 8,3,2026-04-01,131,89,68,94.5
HTN101-095,Week 12,4,2026-04-29,136,82,65,87.7
HTN101-096,Screening,0,2026-01-28,136,89,77,89.1
HTN101-096,Baseline,1,2026-01-29,136,92,85,79.9
HTN101-096,Week 4,2,2026-02-26,128,88,82,92.5
HTN101-096,Week 8,3,2026-03-26,125,90,80,68.7
HTN101-096,Week 12,4,2026-04-23,126,79,79,90.8
HTN101-097,Screening,0,2026-01-13,141,99,74,88
HTN101-097,Baseline,1,2026-01-14,145,96,76,72.7
HTN101-097,Week 4,2,2026-02-11,130,94,77,90
HTN101-097,Week 8,3,2026-03-11,134,96,76,100.7
HTN101-097,Week 12,4,2026-04-08,127,89,67,78.8
HTN101-098,Screening,0,2026-01-08,159,99,77,80.5
HTN101-098,Baseline,1,2026-01-09,154,97,76,75.4
HTN101-098,Week 4,2,2026-02-06,156,101,72,95.7
HTN101-098,Week 8,3,2026-03-06,NA,92,73,67.3
HTN101-098,Week 12,4,2026-04-03,142,91,73,73.7
HTN101-099,Screening,0,2026-01-24,159,89,81,64.5
HTN101-099,Baseline,1,2026-01-25,160,90,85,76.6
HTN101-099,Week 4,2,2026-02-22,153,NA,86,83.3
HTN101-099,Week 8,3,2026-03-22,151,82,68,96.6
HTN101-099,Week 12,4,2026-04-19,152,82,78,93.9
HTN101-100,Screening,0,2026-02-04,138,103,75,74.5
HTN101-100,Baseline,1,2026-02-05,142,105,68,73.4
HTN101-100,Week 4,2,2026-03-05,136,104,76,85.3
HTN101-100,Week 8,3,2026-04-02,135,96,82,66.3
HTN101-100,Week 12,4,2026-04-30,140,100,81,63.2
